{"cameraMode":{"drawMode":0,"name":"Shaded","section":"Shading Mode"},"sceneLighting":false,"audioPlay":false,"sceneViewState":{"showFog":true,"showMaterialUpdate":false,"showSkybox":false,"showFlares":true,"showImageEffects":true,"showParticleSystems":true},"in2DMode":false,"pivot":{"x":-2.055567741394043,"y":-0.3308357000350952,"z":-1.7884440422058106},"rotation":{"x":0.24704217910766602,"y":-0.27913811802864077,"z":0.07455412298440933,"w":0.9249290823936462},"size":22.0,"orthographic":true}